,title,handle,created,product_type,price,sku,available,image
0,Gift for Good,gift-for-good,2021-02-19T12:42:29-06:00,dk-donation,10.00,DK DONATION,True,https://cdn.shopify.com/s/files/1/0048/2912/products/dailykarma-dk-donation-do-good-with-helm-boots-gift-for-good-17053368877118.png?v=1613760290
1,Blackrock Leather 'n Rich,blackrock-leather-n-rich,2016-06-20T14:39:52-05:00,Boot Care,10.00,BLCKRK001,True,https://cdn.shopify.com/s/files/1/0048/2912/products/helm-boots-boot-care-blackrock-leather-n-rich-11762694021.jpg?v=1512675442
2,Venetian Leather Balm,vscream,2013-02-13T14:33:49-06:00,Boot Care,10.00,9999999,False,https://cdn.shopify.com/s/files/1/0048/2912/products/venetian-shoe-cream-boot-care-venetian-shoe-cream-16000130185.jpg?v=1512677208
3,Hollis Onyx,hollis-onyx,2020-06-10T14:14:14-05:00,Boots,269.00,HBB508016,True,https://cdn.shopify.com/s/files/1/0048/2912/products/helm-boots-hollis-onyx-16525176963134.jpg?v=1604082834
4,HELM Logo Cap - Black,helm-logo-cap-black,2020-11-13T13:44:02-06:00,Accessories,35.00,HLMBLY_003,True,https://cdn.shopify.com/s/files/1/0048/2912/products/helm-boots-accessories-helm-logo-cap-black-16591666118718.jpg?v=1605296841
5,HELM Logo Cap - Charcoal,helm-logo-cap-charcoal,2020-11-13T13:48:14-06:00,Accessories,35.00,HLMBLY_004,True,https://cdn.shopify.com/s/files/1/0048/2912/products/helm-boots-accessories-helm-logo-cap-charcoal-16591679094846.jpg?v=1605297086
6,Johnson Brown,johnson-brown,2020-06-10T12:41:33-05:00,Boots,350.00,HBB902016,True,https://cdn.shopify.com/s/files/1/0048/2912/products/helm-boots-johnson-brown-16544093732926.jpg?v=1604516727
7,Johnson Burgundy,johnson-burgundy,2020-06-10T13:18:50-05:00,Boots,315.00,HBB903016,True,https://cdn.shopify.com/s/files/1/0048/2912/products/helm-boots-johnson-burgundy-16282837975102.jpg?v=1604424165
8,Johnson Black,johnson-black,2020-06-09T14:35:59-05:00,Boots,350.00,HBB901016,True,https://cdn.shopify.com/s/files/1/0048/2912/products/helm-boots-johnson-black-16282828963902.jpg?v=1600120249
9,Hollis Chocolate,hollis-chocolate,2020-06-10T14:08:10-05:00,Boots,269.00,HBB507016,False,https://cdn.shopify.com/s/files/1/0048/2912/products/helm-boots-hollis-chocolate-16525152682046.jpg?v=1604082886
10,Pablo Teak,pablo-teak,2020-06-29T14:25:19-05:00,Boots,350.00,HBB323016,True,https://cdn.shopify.com/s/files/1/0048/2912/products/helm-boots-pablo-teak-16446149984318.jpg?v=1602613849
11,HELM Logo Cap - Navy,helm-logo-cap-navy,2018-11-19T08:38:28-06:00,Accessories,35.00,HLMBLY_002,True,https://cdn.shopify.com/s/files/1/0048/2912/products/helm-boots-accessories-helm-logo-cap-navy-5814539681854.jpg?v=1543872092
12,Cole Brown,cole-brown,2020-06-15T15:48:10-05:00,Sneakers,225.00,HBB804015,False,https://cdn.shopify.com/s/files/1/0048/2912/products/helm-sneakers-cole-brown-16337384276030.jpg?v=1600971382
13,Cole Chocolate,cole-chocolate,2020-06-15T15:38:46-05:00,Sneakers,225.00,HBB807015,False,https://cdn.shopify.com/s/files/1/0048/2912/products/helm-sneakers-cole-chocolate-16337350852670.jpg?v=1600970924
14,Ryder Olive,ryder-olive,2020-06-18T13:24:06-05:00,Boots,315.00,HBB223016,True,https://cdn.shopify.com/s/files/1/0048/2912/products/helm-boots-ryder-olive-16282800390206.jpg?v=1600119405
15,Ryder Dark Natural,ryder-dark-natural,2020-06-18T13:19:17-05:00,Boots,315.00,HBB222016,True,https://cdn.shopify.com/s/files/1/0048/2912/products/helm-boots-ryder-dark-natural-16282795606078.jpg?v=1600119562
16,Death & Co. Ryder Black,ryder-black,2020-06-18T13:03:31-05:00,Boots,350.00,HBB221016,True,https://cdn.shopify.com/s/files/1/0048/2912/products/helm-boots-ryder-black-16282750812222.jpg?v=1601830527
17,Bradley Grey,bradley-grey,2020-08-05T10:20:58-05:00,Shoes,175.00,HBB307013,False,https://cdn.shopify.com/s/files/1/0048/2912/products/helm-shoes-bradley-grey-15997388783678.jpg?v=1596824115
18,Bradley Green,bradley-green,2020-08-05T10:15:42-05:00,Shoes,175.00,HBB308013,True,https://cdn.shopify.com/s/files/1/0048/2912/products/helm-shoes-bradley-green-15997362044990.jpg?v=1596824083
19,Nils Brown,nils-brown,2020-03-12T12:02:08-05:00,Shoes,189.00,HBB605016,True,https://cdn.shopify.com/s/files/1/0048/2912/products/helm-shoes-nils-brown-15040816349246.jpg?v=1590603398
20,Cole Navy,cole-navy,2020-05-07T10:15:18-05:00,Sneakers,225.00,HBB806015,False,https://cdn.shopify.com/s/files/1/0048/2912/products/helm-sneakers-cole-navy-16045216464958.jpg?v=1597607083
21,Cole Wheat,cole-wheat,2020-05-07T10:10:45-05:00,Sneakers,225.00,HBB803015,True,https://cdn.shopify.com/s/files/1/0048/2912/products/helm-sneakers-cole-wheat-16045236584510.jpg?v=1597275399
22,Bradley Tobacco,bradley-tobacco,2020-08-05T10:25:22-05:00,Shoes,175.00,HBB306016,True,https://cdn.shopify.com/s/files/1/0048/2912/products/helm-shoes-bradley-tobacco-15997413064766.jpg?v=1596824632
23,Custom Offer,custom-offer,2020-08-03T12:52:40-05:00,candyrack_generated,9.99,,True,https://cdn.shopify.com/s/files/1/0048/2912/products/helm-boots-candyrack-generated-custom-offer-15953535434814.png?v=1596477278
24,Zind Olive,zind-olive,2020-03-12T14:03:41-05:00,Boots,350.00,HBB403016,True,https://cdn.shopify.com/s/files/1/0048/2912/products/helm-boots-zind-olive-15522516172862.jpg?v=1595366202
25,Declan Teak,declan-teak,2020-03-11T14:43:17-05:00,Boots,238.00,HBB185016,True,https://cdn.shopify.com/s/files/1/0048/2912/products/helm-boots-declan-teak-15712082427966.jpg?v=1594752441
26,Hollis Dark Natural,hollis-natural,2019-05-13T14:39:42-05:00,Boots,315.00,HBB504115E,True,https://cdn.shopify.com/s/files/1/0048/2912/products/helm-boots-hollis-natural-7019770413118.jpg?v=1561659785
27,Silver Buckle Slim Belts,silver-buckle-slim-belts,2020-04-20T15:39:53-05:00,Accessories,98.00,34-46,True,https://cdn.shopify.com/s/files/1/0048/2912/products/helm-accessories-silver-buckle-slim-belts-15546109165630.jpg?v=1593797715
28,Nils Wheat,nils-wheat,2020-03-12T13:30:03-05:00,Shoes,189.00,HBB604016,True,https://cdn.shopify.com/s/files/1/0048/2912/products/helm-shoes-nils-wheat-15291155218494.jpg?v=1592152365
29,Otter Wax Suede Cleaner,otter-wax-suede-cleaner,2019-01-04T13:42:37-06:00,Boot Care,10.00,724131462789,True,https://cdn.shopify.com/s/files/1/0048/2912/products/otter-wax-boot-care-otter-wax-suede-cleaner-15136423936062.jpg?v=1591197498
30,Otter Wax - Tampico Suede Brush,otter-wax-tampico-suede-brush,2018-11-14T15:32:53-06:00,Accessories,5.00,OTWX_BRSH,True,https://cdn.shopify.com/s/files/1/0048/2912/products/helm-boots-accessories-otter-wax-tampico-suede-brush-15136315473982.jpg?v=1591196806
31,Hollis Tan,hollis-tan,2020-02-28T14:01:04-06:00,Boots,269.00,HBB506016,False,https://cdn.shopify.com/s/files/1/0048/2912/products/helm-boots-hollis-tan-15038742233150.jpg?v=1590594155
32,Bradley Tan,bradley-tan,2020-02-28T11:50:09-06:00,Shoes,175.00,HBB305016,True,https://cdn.shopify.com/s/files/1/0048/2912/products/helm-shoes-bradley-tan-15038715822142.jpg?v=1590594039
33,HELM Tote Bag,helm-tote-bag,2020-05-11T13:19:10-05:00,Accessories,12.00,HELMTOTE_2020,True,https://cdn.shopify.com/s/files/1/0048/2912/products/helm-accessories-helm-tote-bag-14838446293054.jpg?v=1589346156
34,Brass Buckle Wide Belts,copy-of-silver-buckle-belts,2020-03-19T12:44:52-05:00,Accessories,98.00,30 - 46,True,https://cdn.shopify.com/s/files/1/0048/2912/products/helm-accessories-30-olive-brass-buckle-wide-belts-15546246889534.jpg?v=1593798652
35,Silver Buckle Wide Belts,silver-buckle-belts,2020-03-19T12:38:33-05:00,Accessories,98.00,29 - 46,True,https://cdn.shopify.com/s/files/1/0048/2912/products/helm-accessories-30-olive-silver-buckle-wide-belts-15546236600382.jpg?v=1593799566
36,HELM + Bridge & Burn Black T-Shirt,helm-bridge-burn-black-t-shirt,2020-03-17T13:39:44-05:00,Shirts,28.00,HLBB20022XL,False,https://cdn.shopify.com/s/files/1/0048/2912/products/helm-shirts-helm-bridge-burn-black-t-shirt-14426728955966.jpg?v=1585768995
37,HELM + Bridge & Burn Natural T-Shirt,helm-bridge-burn-natural-t-shirt,2020-03-17T13:38:34-05:00,Shirts,28.00,HLBB20012XL,True,https://cdn.shopify.com/s/files/1/0048/2912/products/helm-shirts-helm-bridge-burn-natural-t-shirt-14426732527678.jpg?v=1585769114
38,Holt Dark Natural,holt-dark-natural,2019-12-05T13:40:45-06:00,Boots,279.00,HBB702016,True,https://cdn.shopify.com/s/files/1/0048/2912/products/helm-boots-holt-dark-natural-13973389967422.jpg?v=1578690892
39,Holt Dark Grey,holt-black,2019-11-19T15:58:26-06:00,Boots,279.00,HBB703016,True,https://cdn.shopify.com/s/files/1/0048/2912/products/helm-boots-holt-dark-grey-13973451833406.jpg?v=1579036741
40,Huberdâ€™s Shoe Grease,huberd-s-shoe-grease-can,2018-08-28T12:22:03-05:00,Boot Care,12.50,10250,False,https://cdn.shopify.com/s/files/1/0048/2912/products/huberds-boot-care-huberd-s-shoe-grease-3738400325694.jpg?v=1539624128
41,Huberd's Shoe Oil,huberds-shoe-oil,2014-05-30T15:32:25-05:00,Boot Care,12.50,10249,True,https://cdn.shopify.com/s/files/1/0048/2912/products/huberds-boot-care-huberd-s-shoe-oil-16000166537.jpg?v=1512677174
42,Nils Natural,nils-natural,2019-07-30T13:49:05-05:00,Shoes,189.00,HBB602115E,True,https://cdn.shopify.com/s/files/1/0048/2912/products/helm-shoes-nils-natural-13208183242814.jpg?v=1571423849
43,Nils Black,nils-black,2019-07-22T15:04:10-05:00,Shoes,189.00,HBB601115E,True,https://cdn.shopify.com/s/files/1/0048/2912/products/helm-shoes-nils-black-13181914579006.jpg?v=1571245887
44,HELM Socks - Black+Grey,helm-socks-black-anthricite,2019-09-18T14:00:45-05:00,Socks,12.50,HB2LG-D,True,https://cdn.shopify.com/s/files/1/0048/2912/products/helm-socks-helm-socks-black-grey-12867148644414.jpg?v=1571417745
45,HELM Socks - Steel+Dark Grey,helm-socks-anthricite-zinc,2019-09-18T14:00:06-05:00,Socks,12.50,HB2LG-C,True,https://cdn.shopify.com/s/files/1/0048/2912/products/helm-socks-helm-socks-steel-dark-grey-12867268280382.jpg?v=1571417911
46,HELM Socks - Indigo+Marine,helm-socks-blue-anil,2019-09-18T13:59:04-05:00,Socks,12.50,HB2LG-B,False,https://cdn.shopify.com/s/files/1/0048/2912/products/helm-socks-helm-socks-indigo-marine-12867192520766.jpg?v=1571417731
47,HELM Socks - Navy+Marine,helm-socks-marine-blue,2019-09-18T13:58:03-05:00,Socks,12.50,HB2LG-A,True,https://cdn.shopify.com/s/files/1/0048/2912/products/helm-socks-helm-socks-navy-marine-12867263463486.jpg?v=1571417851
48,HELM Marled Socks - Grey,helm-marled-socks-anthricite,2019-09-18T13:56:17-05:00,Socks,15.00,HB3LG-C,True,https://cdn.shopify.com/s/files/1/0048/2912/products/helm-socks-helm-marled-socks-grey-12867134783550.jpg?v=1570026571
49,HELM Marled Socks - Indigo,helm-marled-socks-indigo,2019-09-18T13:54:39-05:00,Socks,15.00,HB3LG-A,True,https://cdn.shopify.com/s/files/1/0048/2912/products/helm-socks-helm-marled-socks-indigo-12867142746174.jpg?v=1570026691
50,HELM Marled Socks - Red,copy-of-helm-marled-socks-indigo,2019-09-18T13:54:53-05:00,Socks,15.00,HB3LG-B,False,https://cdn.shopify.com/s/files/1/0048/2912/products/helm-socks-helm-marled-socks-granate-12867130654782.jpg?v=1570026513
51,HELM Marled Socks - Charcoal,helm-marled-socks-black,2019-09-18T13:57:00-05:00,Socks,15.00,HB3LG-D,True,https://cdn.shopify.com/s/files/1/0048/2912/products/helm-socks-helm-marled-socks-charcoal-12867126820926.jpg?v=1570026528
52,Hollis Teak,hollis-teak,2019-05-13T14:18:19-05:00,Boots,350.00,HBB503115E,True,https://cdn.shopify.com/s/files/1/0048/2912/products/helm-boots-hollis-teak-16569301139518.jpg?v=1604960362
53,Hollis Brown,hollis-brown,2019-05-13T14:10:19-05:00,Boots,350.00,HBB502115E,True,https://cdn.shopify.com/s/files/1/0048/2912/products/helm-boots-boots-hollis-brown-7019737186366.jpg?v=1565982275
54,Hollis Black,hollis-black,2019-05-13T14:01:52-05:00,Boots,350.00,HBB501115E,True,https://cdn.shopify.com/s/files/1/0048/2912/products/helm-boots-hollis-black-7019708186686.jpg?v=1565982251
55,Lou Teak,lou-teak,2019-04-10T14:12:27-05:00,Boots,325.00,HBB205115E,True,https://cdn.shopify.com/s/files/1/0048/2912/products/helm-boots-lou-teak-14079032295486.jpg?v=1580415631
56,Bradley Teak,bradley-teak,2019-04-09T15:15:33-05:00,Shoes,250.00,HBB303115E,True,https://cdn.shopify.com/s/files/1/0048/2912/products/helm-shoes-bradley-teak-14078938447934.jpg?v=1580414311
57,HELM T-Shirt - Natural,helm-t-shirt-natural,2019-05-06T12:15:35-05:00,Shirts,28.00,HELM_3620,True,https://cdn.shopify.com/s/files/1/0048/2912/products/helm-shirts-s-helm-t-shirt-natural-6701522059326.jpg?v=1558036359
58,HELM T-Shirt - Light Gray,helm-t-shirt-gray,2019-05-06T12:14:16-05:00,Shirts,28.00,HELM_3615,True,https://cdn.shopify.com/s/files/1/0048/2912/products/helm-shirts-s-helm-t-shirt-light-gray-6701511770174.jpg?v=1558036378
59,HELM T-Shirt - Black,helm-t-shirt-black,2019-05-06T12:12:56-05:00,Shirts,28.00,HELM_3610,True,https://cdn.shopify.com/s/files/1/0048/2912/products/helm-shirts-s-helm-t-shirt-black-6701479166014.jpg?v=1558036285
60,HELM T-Shirt - Royal,helm-t-shirt-blue-1,2019-05-06T12:12:19-05:00,Shirts,28.00,HELM_3605,False,https://cdn.shopify.com/s/files/1/0048/2912/products/helm-shirts-s-helm-t-shirt-royal-6702560804926.jpg?v=1558036345
61,Zind Natural,zind-natural,2017-02-23T14:21:05-06:00,Boots,350.00,H005822007E,True,https://cdn.shopify.com/s/files/1/0048/2912/products/helm-boots-zind-natural-7381279506494.jpg?v=1565982984
62,Muller Teak,muller-blucher-teak,2012-08-08T17:57:00-05:00,Boots,385.00,H005204014E,True,https://cdn.shopify.com/s/files/1/0048/2912/products/helm-boots-6-d-muller-teak-6453292466238.jpg?v=1565982783
63,Lou Dark Natural,lou-natural,2019-02-12T10:55:25-06:00,Boots,249.00,HBB204115E,True,https://cdn.shopify.com/s/files/1/0048/2912/products/helm-boots-7-d-lou-natural-6157217005630.jpg?v=1565982536
64,Zind Teak,zind-teak,2018-03-05T12:35:20-06:00,Boots,350.00,H005804007E,True,https://cdn.shopify.com/s/files/1/0048/2912/products/helm-boots-zind-teak-14079095078974.jpg?v=1580416471
65,Zind Brown,zind-brown,2018-10-01T12:52:30-05:00,Boots,350.00,HBB402115E,True,https://cdn.shopify.com/s/files/1/0048/2912/products/helm-boots-zind-brown-16569326239806.jpg?v=1604960690
66,Zind Black,zind-black,2018-10-01T12:11:26-05:00,Boots,350.00,HBB401115E,True,https://cdn.shopify.com/s/files/1/0048/2912/products/helm-boots-7-d-zind-black-6031226044478.jpg?v=1550858412
67,Bradley Brown,bradley-brown,2018-10-01T13:16:30-05:00,Shoes,250.00,HBB302115E,True,https://cdn.shopify.com/s/files/1/0048/2912/products/helm-boots-7-d-bradley-brown-6031120924734.jpg?v=1550858302
68,Bradley Black,bradley-black,2018-10-01T13:07:05-05:00,Shoes,250.00,HBB301115E,True,https://cdn.shopify.com/s/files/1/0048/2912/products/helm-boots-7-d-bradley-black-6031139930174.jpg?v=1550858327
69,HELM ATX Cap in Gray,helm-atx-cap-gray,2018-01-22T13:40:17-06:00,Accessories,35.00,ATXBLY_002,True,https://cdn.shopify.com/s/files/1/0048/2912/products/helm-accessories-helm-atx-cap-in-gray-4151168598078.jpg?v=1541613974
70,HELM ATX Cap in Black,helm-atx-cap-black,2018-11-06T12:56:02-06:00,Accessories,35.00,ATXBLY_001,True,https://cdn.shopify.com/s/files/1/0048/2912/products/helm-accessories-helm-atx-cap-in-black-4151167680574.jpg?v=1541613992
71,HELM Shoe Tree,helm-shoe-tree,2018-09-18T11:31:23-05:00,Boot Care,38.00,HLMTREE_60014,True,https://cdn.shopify.com/s/files/1/0048/2912/products/helm-boots-boot-care-helm-shoe-tree-4149255995454.jpg?v=1541613888
72,Lou Brown,lou-brown,2018-09-24T13:48:15-05:00,Boots,325.00,HBB202115E,True,https://cdn.shopify.com/s/files/1/0048/2912/products/helm-boots-lou-brown-4135624310846.jpg?v=1565982521
73,Lou Black,lou-black,2018-09-24T13:46:17-05:00,Boots,325.00,HBB201115E,True,https://cdn.shopify.com/s/files/1/0048/2912/products/helm-boots-lou-black-4135623458878.jpg?v=1565982503
74,Declan Tan,declan-tan,2018-09-24T13:40:32-05:00,Boots,265.00,HBB183115E,True,https://cdn.shopify.com/s/files/1/0048/2912/products/helm-boots-declan-tan-4079958753342.jpg?v=1565982185
75,Declan Brown,declan-brown,2018-09-24T13:29:03-05:00,Boots,265.00,HBB182115E,True,https://cdn.shopify.com/s/files/1/0048/2912/products/helm-boots-declan-brown-4113612439614.jpg?v=1565982168
76,Declan Black,declan-black,2018-09-24T13:21:13-05:00,Boots,265.00,HBB181115E,True,https://cdn.shopify.com/s/files/1/0048/2912/products/helm-boots-declan-black-4111947497534.jpg?v=1565982150
77,HELM Shop Rag,helmcloth,2013-10-09T15:28:44-05:00,Accessories,5.00,10284,True,https://cdn.shopify.com/s/files/1/0048/2912/products/helm-accessories-helm-shop-rag-4989319365.jpg?v=1512677228
78,HELM Insoles,helm-insoles,2015-12-17T11:36:03-06:00,Accessories,12.00,HMINSL_012,False,https://cdn.shopify.com/s/files/1/0048/2912/products/helm-boots-helm-insoles-6703310277.jpg?v=1512677213
79,Pablo Brown,pablo-brown-moto-boot,2015-05-28T21:31:33-05:00,Boots,350.00,H5001140115E,True,https://cdn.shopify.com/s/files/1/0048/2912/products/helm-boots-7-d-pablo-brown-6084582670398.jpg?v=1550858550
80,Otter Wax Bar,otter-wax-bar,2014-05-30T16:47:23-05:00,Boot Care,13.00,10251,True,https://cdn.shopify.com/s/files/1/0048/2912/products/otter-wax-boot-care-otter-wax-bar-5083586501.jpg?v=1512676499
81,Railroad,railroad-blucher-boot,2012-08-08T18:38:20-05:00,Boots,395.00,H002022013E,True,https://cdn.shopify.com/s/files/1/0048/2912/products/helm-boots-railroad-16782761132094.jpg?v=1608071008
82,Pablo Black,pablo-black-moto-boot,2015-05-28T21:25:55-05:00,Boots,350.00,H5001010115E,True,https://cdn.shopify.com/s/files/1/0048/2912/products/helm-boots-7-d-pablo-black-6084569694270.jpg?v=1550858523
83,Marion Olive,marionolive,2013-04-25T13:25:43-05:00,Boots,395.00,H001916014E,False,https://cdn.shopify.com/s/files/1/0048/2912/products/helm-boots-boots-marion-olive-3668740702270.jpg?v=1554492992
84,Muller Black,muller-blucher-black,2012-08-08T18:17:29-05:00,Boots,385.00,H005301014E,True,https://cdn.shopify.com/s/files/1/0048/2912/products/helm-boots-6-d-muller-black-6453306884158.jpg?v=1565982655
85,Muller Brown,muller-brown-blucher-boot,2014-06-24T12:43:35-05:00,Boots,385.00,H003114013E,False,https://cdn.shopify.com/s/files/1/0048/2912/products/helm-boots-6-d-muller-brown-6453316354110.jpg?v=1565982703
86,Gift Wrapping,gift-wrap,2015-10-16T10:01:20-05:00,Gift Wrap,5.00,GFTWRAP_001,False,https://cdn.shopify.com/s/files/1/0048/2912/products/helm-gift-wrap-gift-wrapping-5129621445.jpg?v=1512675640
87,Gift Card,gift-card-1,2014-11-19T15:26:46-06:00,Gift Card,500.00,,True,https://cdn.shopify.com/s/files/1/0048/2912/products/helm-gift-card-50-00-gift-card-6003039961150.jpg?v=1549304423
88,Otter Wax Saddle Soap Leather Cleaner,otter-wax-saddle-soap,2014-05-30T16:50:08-05:00,Boot Care,10.00,10253,True,https://cdn.shopify.com/s/files/1/0048/2912/products/otter-wax-boot-care-otter-wax-saddle-soap-5166821765.jpg?v=1538515829
89,Otter Wax Boot Wax - Leather Sealant,otter-wax-boot-wax,2015-10-21T21:29:47-05:00,Boot Care,10.00,OTTRWX_006,True,https://cdn.shopify.com/s/files/1/0048/2912/products/otter-wax-boot-care-otter-wax-boot-wax-5167030597.jpg?v=1538515667
90,Otter Wax Leather Salve Conditioner,otter-wax-leather-salve,2014-05-30T16:44:39-05:00,Boot Care,10.00,10252,True,https://cdn.shopify.com/s/files/1/0048/2912/products/otter-wax-boot-care-otter-wax-leather-salve-5168083205.jpg?v=1538515778
91,Otter Wax Leather Oil Conditioner,otter-wax-leather-oil,2014-05-30T16:40:54-05:00,Boot Care,10.00,10254,True,https://cdn.shopify.com/s/files/1/0048/2912/products/otter-wax-boot-care-otter-wax-leather-oil-16000244105.jpg?v=1516384828
92,Laces,laces,2010-08-23T17:20:41-05:00,Accessories,10.00,LACE_0065,True,https://cdn.shopify.com/s/files/1/0048/2912/products/helm-accessories-laces-4948105605.jpg?v=1512676099
